U:0,U:1,U:2,p,vtkValidPointMask,arc_length,Points:0,Points:1,Points:2,Point ID
102.15,0,0,-5108.91,1,0,-3,0,0,0
102.15,-1.69683e-09,0,-5108.91,1,0.00650077,-2.9935,0,0.0001,1
102.15,-3.39365e-09,0,-5108.91,1,0.0130015,-2.987,0,0.0002,2
102.15,-5.09048e-09,0,-5108.91,1,0.0195023,-2.9805,0,0.0003,3
102.15,-6.7873e-09,0,-5108.91,1,0.0260031,-2.974,0,0.0004,4
102.15,-8.48413e-09,0,-5108.91,1,0.0325039,-2.9675,0,0.0005,5
102.15,-1.0181e-08,0,-5108.91,1,0.0390046,-2.961,0,0.0006,6
102.15,-1.18778e-08,0,-5108.91,1,0.0455054,-2.9545,0,0.0007,7
102.15,-1.32667e-08,0,-5108.91,1,0.0520062,-2.948,0,0.0008,8
102.15,-1.39629e-08,0,-5108.91,1,0.058507,-2.9415,0,0.0009,9
102.15,-1.46592e-08,0,-5108.91,1,0.0650077,-2.935,0,0.001,10
102.15,-1.53554e-08,0,-5108.91,1,0.0715085,-2.9285,0,0.0011,11
102.15,-1.60517e-08,0,-5108.91,1,0.0780093,-2.922,0,0.0012,12
102.15,-1.67479e-08,0,-5108.91,1,0.0845101,-2.9155,0,0.0013,13
102.15,-1.74441e-08,0,-5108.91,1,0.0910108,-2.909,0,0.0014,14
102.15,-1.81404e-08,0,-5108.91,1,0.0975116,-2.9025,0,0.0015,15
102.15,-1.85771e-08,0,-5108.91,1,0.104012,-2.896,0,0.0016,16
102.15,-1.88517e-08,0,-5108.91,1,0.110513,-2.8895,0,0.0017,17
102.15,-1.91263e-08,0,-5108.91,1,0.117014,-2.883,0,0.0018,18
102.15,-1.94009e-08,0,-5108.91,1,0.123515,-2.8765,0,0.0019,19
102.15,-1.96755e-08,0,-5108.91,1,0.130015,-2.87,0,0.002,20
102.15,-1.99501e-08,0,-5108.91,1,0.136516,-2.8635,0,0.0021,21
102.15,-2.02247e-08,0,-5108.91,1,0.143017,-2.857,0,0.0022,22
102.15,-2.04992e-08,0,-5108.91,1,0.149518,-2.8505,0,0.0023,23
102.15,-2.05396e-08,0,-5108.91,1,0.156018,-2.844,0,0.0024,24
102.15,-2.05603e-08,0,-5108.91,1,0.162519,-2.8375,0,0.0025,25
102.15,-2.05811e-08,0,-5108.91,1,0.16902,-2.831,0,0.0026,26
102.15,-2.06019e-08,0,-5108.91,1,0.175521,-2.8245,0,0.0027,27
102.15,-2.06226e-08,0,-5108.91,1,0.182021,-2.818,0,0.0028,28
102.15,-2.06434e-08,0,-5108.91,1,0.188522,-2.8115,0,0.0029,29
102.15,-2.06642e-08,0,-5108.91,1,0.195023,-2.805,0,0.003,30
102.15,-2.0661e-08,0,-5108.91,1,0.201524,-2.7985,0,0.0031,31
102.15,-2.0578e-08,0,-5108.91,1,0.208025,-2.792,0,0.0032,32
102.15,-2.0495e-08,0,-5108.91,1,0.214525,-2.7855,0,0.0033,33
102.15,-2.0412e-08,0,-5108.91,1,0.221026,-2.779,0,0.0034,34
102.15,-2.03291e-08,0,-5108.91,1,0.227527,-2.7725,0,0.0035,35
102.15,-2.02461e-08,0,-5108.91,1,0.234028,-2.766,0,0.0036,36
102.15,-2.01631e-08,0,-5108.91,1,0.240528,-2.7595,0,0.0037,37
102.15,-2.00801e-08,0,-5108.91,1,0.247029,-2.753,0,0.0038,38
102.15,-1.99947e-08,0,-5108.91,1,0.25353,-2.7465,0,0.0039,39
102.15,-1.99073e-08,0,-5108.91,1,0.260031,-2.74,0,0.004,40
102.15,-1.982e-08,0,-5108.91,1,0.266532,-2.7335,0,0.0041,41
102.15,-1.97326e-08,0,-5108.91,1,0.273032,-2.727,0,0.0042,42
102.15,-1.96452e-08,0,-5108.91,1,0.279533,-2.7205,0,0.0043,43
102.15,-1.95578e-08,0,-5108.91,1,0.286034,-2.714,0,0.0044,44
102.15,-1.94704e-08,0,-5108.91,1,0.292535,-2.7075,0,0.0045,45
102.15,-1.93831e-08,0,-5108.91,1,0.299035,-2.701,0,0.0046,46
102.15,-1.93312e-08,0,-5108.91,1,0.305536,-2.6945,0,0.0047,47
102.15,-1.92857e-08,0,-5108.91,1,0.312037,-2.688,0,0.0048,48
102.15,-1.92403e-08,0,-5108.91,1,0.318538,-2.6815,0,0.0049,49
102.15,-1.91949e-08,0,-5108.91,1,0.325038,-2.675,0,0.005,50
102.15,-1.91494e-08,0,-5108.91,1,0.331539,-2.6685,0,0.0051,51
102.15,-1.9104e-08,0,-5108.91,1,0.33804,-2.662,0,0.0052,52
102.15,-1.90586e-08,0,-5108.91,1,0.344541,-2.6555,0,0.0053,53
102.15,-1.90208e-08,0,-5108.91,1,0.351042,-2.649,0,0.0054,54
102.15,-1.90254e-08,0,-5108.91,1,0.357542,-2.6425,0,0.0055,55
102.15,-1.90299e-08,0,-5108.91,1,0.364043,-2.636,0,0.0056,56
102.15,-1.90345e-08,0,-5108.91,1,0.370544,-2.6295,0,0.0057,57
102.15,-1.90391e-08,0,-5108.91,1,0.377045,-2.623,0,0.0058,58
102.15,-1.90436e-08,0,-5108.91,1,0.383545,-2.6165,0,0.0059,59
102.15,-1.90482e-08,0,-5108.91,1,0.390046,-2.61,0,0.006,60
102.15,-1.90527e-08,0,-5108.91,1,0.396547,-2.6035,0,0.0061,61
102.15,-1.90754e-08,0,-5108.91,1,0.403048,-2.597,0,0.0062,62
102.15,-1.91193e-08,0,-5108.91,1,0.409548,-2.5905,0,0.0063,63
102.15,-1.91631e-08,0,-5108.91,1,0.416049,-2.584,0,0.0064,64
102.15,-1.9207e-08,0,-5108.91,1,0.42255,-2.5775,0,0.0065,65
102.15,-1.92509e-08,0,-5108.91,1,0.429051,-2.571,0,0.0066,66
102.15,-1.92947e-08,0,-5108.91,1,0.435551,-2.5645,0,0.0067,67
102.15,-1.93386e-08,0,-5108.91,1,0.442052,-2.558,0,0.0068,68
102.15,-1.93825e-08,0,-5108.91,1,0.448553,-2.5515,0,0.0069,69
102.15,-1.94462e-08,0,-5108.91,1,0.455054,-2.545,0,0.007,70
102.15,-1.95159e-08,0,-5108.91,1,0.461555,-2.5385,0,0.0071,71
102.15,-1.95856e-08,0,-5108.91,1,0.468055,-2.532,0,0.0072,72
102.15,-1.96553e-08,0,-5108.91,1,0.474556,-2.5255,0,0.0073,73
102.15,-1.9725e-08,0,-5108.91,1,0.481057,-2.519,0,0.0074,74
102.15,-1.97947e-08,0,-5108.91,1,0.487558,-2.5125,0,0.0075,75
102.15,-1.98645e-08,0,-5108.91,1,0.494058,-2.506,0,0.0076,76
102.15,-1.99356e-08,0,-5108.91,1,0.500559,-2.4995,0,0.0077,77
102.15,-2.00237e-08,0,-5108.91,1,0.50706,-2.493,0,0.0078,78
102.15,-2.01119e-08,0,-5108.91,1,0.513561,-2.4865,0,0.0079,79
102.15,-2.02001e-08,0,-5108.91,1,0.520061,-2.48,0,0.008,80
102.15,-2.02882e-08,0,-5108.91,1,0.526562,-2.4735,0,0.0081,81
102.15,-2.03764e-08,0,-5108.91,1,0.533063,-2.467,0,0.0082,82
102.15,-2.04646e-08,0,-5108.91,1,0.539564,-2.4605,0,0.0083,83
102.15,-2.05527e-08,0,-5108.91,1,0.546065,-2.454,0,0.0084,84
102.15,-2.06482e-08,0,-5108.91,1,0.552565,-2.4475,0,0.0085,85
102.15,-2.07555e-08,0,-5108.91,1,0.559066,-2.441,0,0.0086,86
102.15,-2.08627e-08,0,-5108.91,1,0.565567,-2.4345,0,0.0087,87
102.15,-2.09699e-08,0,-5108.91,1,0.572068,-2.428,0,0.0088,88
102.15,-2.10771e-08,0,-5108.91,1,0.578569,-2.4215,0,0.0089,89
102.15,-2.11843e-08,0,-5108.91,1,0.585069,-2.415,0,0.009,90
102.15,-2.12916e-08,0,-5108.91,1,0.59157,-2.4085,0,0.0091,91
102.15,-2.13988e-08,0,-5108.91,1,0.598071,-2.402,0,0.0092,92
102.15,-2.15233e-08,0,-5108.91,1,0.604572,-2.3955,0,0.0093,93
102.15,-2.16555e-08,0,-5108.91,1,0.611072,-2.389,0,0.0094,94
102.15,-2.17876e-08,0,-5108.91,1,0.617573,-2.3825,0,0.0095,95
102.15,-2.19198e-08,0,-5108.91,1,0.624074,-2.376,0,0.0096,96
102.15,-2.2052e-08,0,-5108.91,1,0.630575,-2.3695,0,0.0097,97
102.15,-2.21842e-08,0,-5108.91,1,0.637075,-2.363,0,0.0098,98
102.15,-2.23164e-08,0,-5108.91,1,0.643576,-2.3565,0,0.0099,99
102.15,-2.24485e-08,0,-5108.91,1,0.650077,-2.35,0,0.01,100
102.15,-2.26125e-08,0,-5108.91,1,0.656578,-2.3435,0,0.0101,101
102.15,-2.27765e-08,0,-5108.91,1,0.663079,-2.337,0,0.0102,102
102.15,-2.29404e-08,0,-5108.91,1,0.669579,-2.3305,0,0.0103,103
102.15,-2.31044e-08,0,-5108.91,1,0.67608,-2.324,0,0.0104,104
102.15,-2.32684e-08,0,-5108.91,1,0.682581,-2.3175,0,0.0105,105
102.15,-2.34323e-08,0,-5108.91,1,0.689081,-2.311,0,0.0106,106
102.15,-2.35963e-08,0,-5108.91,1,0.695582,-2.3045,0,0.0107,107
102.15,-2.37712e-08,0,-5108.91,1,0.702083,-2.298,0,0.0108,108
102.15,-2.39709e-08,0,-5108.91,1,0.708584,-2.2915,0,0.0109,109
102.15,-2.41705e-08,0,-5108.91,1,0.715085,-2.285,0,0.011,110
102.15,-2.43701e-08,0,-5108.91,1,0.721585,-2.2785,0,0.0111,111
102.15,-2.45698e-08,0,-5108.91,1,0.728086,-2.272,0,0.0112,112
102.15,-2.47694e-08,0,-5108.91,1,0.734587,-2.2655,0,0.0113,113
102.15,-2.4969e-08,0,-5108.91,1,0.741088,-2.259,0,0.0114,114
102.15,-2.51687e-08,0,-5108.91,1,0.747588,-2.2525,0,0.0115,115
102.15,-2.53896e-08,0,-5108.91,1,0.754089,-2.246,0,0.0116,116
102.15,-2.56238e-08,0,-5108.91,1,0.76059,-2.2395,0,0.0117,117
102.15,-2.58579e-08,0,-5108.91,1,0.767091,-2.233,0,0.0118,118
102.15,-2.60921e-08,0,-5108.91,1,0.773592,-2.2265,0,0.0119,119
102.15,-2.63263e-08,0,-5108.91,1,0.780092,-2.22,0,0.012,120
102.15,-2.65605e-08,0,-5108.91,1,0.786593,-2.2135,0,0.0121,121
102.15,-2.67947e-08,0,-5108.91,1,0.793094,-2.207,0,0.0122,122
102.15,-2.70289e-08,0,-5108.91,1,0.799595,-2.2005,0,0.0123,123
102.15,-2.72892e-08,0,-5108.91,1,0.806095,-2.194,0,0.0124,124
102.15,-2.75517e-08,0,-5108.91,1,0.812596,-2.1875,0,0.0125,125
102.15,-2.78142e-08,0,-5108.91,1,0.819097,-2.181,0,0.0126,126
102.15,-2.80767e-08,0,-5108.91,1,0.825598,-2.1745,0,0.0127,127
102.15,-2.83392e-08,0,-5108.91,1,0.832098,-2.168,0,0.0128,128
102.15,-2.86016e-08,0,-5108.91,1,0.838599,-2.1615,0,0.0129,129
102.15,-2.88641e-08,0,-5108.91,1,0.8451,-2.155,0,0.013,130
102.15,-2.91308e-08,0,-5108.91,1,0.851601,-2.1485,0,0.0131,131
102.15,-2.94115e-08,0,-5108.91,1,0.858102,-2.142,0,0.0132,132
102.15,-2.96921e-08,0,-5108.91,1,0.864602,-2.1355,0,0.0133,133
102.15,-2.99728e-08,0,-5108.91,1,0.871103,-2.129,0,0.0134,134
102.15,-3.02535e-08,0,-5108.91,1,0.877604,-2.1225,0,0.0135,135
102.15,-3.05341e-08,0,-5108.91,1,0.884105,-2.116,0,0.0136,136
102.15,-3.08148e-08,0,-5108.91,1,0.890605,-2.1095,0,0.0137,137
102.15,-3.10955e-08,0,-5108.91,1,0.897106,-2.103,0,0.0138,138
102.15,-3.13794e-08,0,-5108.91,1,0.903607,-2.0965,0,0.0139,139
102.15,-3.16661e-08,0,-5108.91,1,0.910108,-2.09,0,0.014,140
102.15,-3.19529e-08,0,-5108.91,1,0.916609,-2.0835,0,0.0141,141
102.15,-3.22396e-08,0,-5108.91,1,0.923109,-2.077,0,0.0142,142
102.15,-3.25263e-08,0,-5108.91,1,0.92961,-2.0705,0,0.0143,143
102.15,-3.28131e-08,0,-5108.91,1,0.936111,-2.064,0,0.0144,144
102.15,-3.30998e-08,0,-5108.91,1,0.942612,-2.0575,0,0.0145,145
102.15,-3.33866e-08,0,-5108.91,1,0.949112,-2.051,0,0.0146,146
102.15,-3.3668e-08,0,-5108.91,1,0.955613,-2.0445,0,0.0147,147
102.15,-3.39486e-08,0,-5108.91,1,0.962114,-2.038,0,0.0148,148
102.15,-3.42291e-08,0,-5108.91,1,0.968615,-2.0315,0,0.0149,149
102.15,-3.45097e-08,0,-5108.91,1,0.975115,-2.025,0,0.015,150
102.15,-3.47902e-08,0,-5108.91,1,0.981616,-2.0185,0,0.0151,151
102.15,-3.50707e-08,0,-5108.91,1,0.988117,-2.012,0,0.0152,152
102.15,-3.53513e-08,0,-5108.91,1,0.994618,-2.0055,0,0.0153,153
102.15,-3.56291e-08,0,-5108.91,1,1.00112,-1.999,0,0.0154,154
102.15,-3.58922e-08,0,-5108.91,1,1.00762,-1.9925,0,0.0155,155
102.15,-3.61553e-08,0,-5108.91,1,1.01412,-1.986,0,0.0156,156
102.15,-3.64184e-08,0,-5108.91,1,1.02062,-1.9795,0,0.0157,157
102.15,-3.66815e-08,0,-5108.91,1,1.02712,-1.973,0,0.0158,158
102.15,-3.69446e-08,0,-5108.91,1,1.03362,-1.9665,0,0.0159,159
102.15,-3.72078e-08,0,-5108.91,1,1.04012,-1.96,0,0.016,160
102.15,-3.74709e-08,0,-5108.91,1,1.04662,-1.9535,0,0.0161,161
102.15,-3.77215e-08,0,-5108.91,1,1.05312,-1.947,0,0.0162,162
102.15,-3.79575e-08,0,-5108.91,1,1.05963,-1.9405,0,0.0163,163
102.15,-3.81935e-08,0,-5108.91,1,1.06613,-1.934,0,0.0164,164
102.15,-3.84295e-08,0,-5108.91,1,1.07263,-1.9275,0,0.0165,165
102.15,-3.86655e-08,0,-5108.91,1,1.07913,-1.921,0,0.0166,166
102.15,-3.89015e-08,0,-5108.91,1,1.08563,-1.9145,0,0.0167,167
102.15,-3.91375e-08,0,-5108.91,1,1.09213,-1.908,0,0.0168,168
102.15,-3.93735e-08,0,-5108.91,1,1.09863,-1.9015,0,0.0169,169
102.15,-3.95824e-08,0,-5108.91,1,1.10513,-1.895,0,0.017,170
102.15,-3.97832e-08,0,-5108.91,1,1.11163,-1.8885,0,0.0171,171
102.15,-3.99839e-08,0,-5108.91,1,1.11813,-1.882,0,0.0172,172
102.15,-4.01847e-08,0,-5108.91,1,1.12463,-1.8755,0,0.0173,173
102.15,-4.03854e-08,0,-5108.91,1,1.13113,-1.869,0,0.0174,174
102.15,-4.05862e-08,0,-5108.91,1,1.13763,-1.8625,0,0.0175,175
102.15,-4.07869e-08,0,-5108.91,1,1.14414,-1.856,0,0.0176,176
102.15,-4.09844e-08,0,-5108.91,1,1.15064,-1.8495,0,0.0177,177
102.15,-4.11427e-08,0,-5108.91,1,1.15714,-1.843,0,0.0178,178
102.15,-4.13011e-08,0,-5108.91,1,1.16364,-1.8365,0,0.0179,179
102.15,-4.14594e-08,0,-5108.91,1,1.17014,-1.83,0,0.018,180
102.15,-4.16178e-08,0,-5108.91,1,1.17664,-1.8235,0,0.0181,181
102.15,-4.17761e-08,0,-5108.91,1,1.18314,-1.817,0,0.0182,182
102.15,-4.19345e-08,0,-5108.91,1,1.18964,-1.8105,0,0.0183,183
102.15,-4.20928e-08,0,-5108.91,1,1.19614,-1.804,0,0.0184,184
102.15,-4.22323e-08,0,-5108.91,1,1.20264,-1.7975,0,0.0185,185
102.15,-4.23416e-08,0,-5108.91,1,1.20914,-1.791,0,0.0186,186
102.15,-4.2451e-08,0,-5108.91,1,1.21564,-1.7845,0,0.0187,187
102.15,-4.25603e-08,0,-5108.91,1,1.22214,-1.778,0,0.0188,188
102.15,-4.26696e-08,0,-5108.91,1,1.22865,-1.7715,0,0.0189,189
102.15,-4.2779e-08,0,-5108.91,1,1.23515,-1.765,0,0.019,190
102.15,-4.28883e-08,0,-5108.91,1,1.24165,-1.7585,0,0.0191,191
102.15,-4.29977e-08,0,-5108.91,1,1.24815,-1.752,0,0.0192,192
102.15,-4.30686e-08,0,-5108.91,1,1.25465,-1.7455,0,0.0193,193
102.15,-4.31224e-08,0,-5108.91,1,1.26115,-1.739,0,0.0194,194
102.15,-4.31763e-08,0,-5108.91,1,1.26765,-1.7325,0,0.0195,195
102.15,-4.32301e-08,0,-5108.91,1,1.27415,-1.726,0,0.0196,196
102.15,-4.3284e-08,0,-5108.91,1,1.28065,-1.7195,0,0.0197,197
102.15,-4.33378e-08,0,-5108.91,1,1.28715,-1.713,0,0.0198,198
102.15,-4.33917e-08,0,-5108.91,1,1.29365,-1.7065,0,0.0199,199
102.15,-4.34455e-08,0,-5108.91,1,1.30015,-1.7,0,0.02,200
102.15,-4.34373e-08,0,-5108.91,1,1.30665,-1.6935,0,0.0201,201
102.15,-4.34291e-08,0,-5108.91,1,1.31316,-1.687,0,0.0202,202
102.15,-4.3421e-08,0,-5108.91,1,1.31966,-1.6805,0,0.0203,203
102.15,-4.34128e-08,0,-5108.91,1,1.32616,-1.674,0,0.0204,204
102.15,-4.34046e-08,0,-5108.91,1,1.33266,-1.6675,0,0.0205,205
102.15,-4.33964e-08,0,-5108.91,1,1.33916,-1.661,0,0.0206,206
102.15,-4.33882e-08,0,-5108.91,1,1.34566,-1.6545,0,0.0207,207
102.15,-4.3359e-08,0,-5108.91,1,1.35216,-1.648,0,0.0208,208
102.15,-4.32822e-08,0,-5108.91,1,1.35866,-1.6415,0,0.0209,209
102.15,-4.32054e-08,0,-5108.91,1,1.36516,-1.635,0,0.021,210
102.15,-4.31287e-08,0,-5108.91,1,1.37166,-1.6285,0,0.0211,211
102.15,-4.30519e-08,0,-5108.91,1,1.37816,-1.622,0,0.0212,212
102.15,-4.29751e-08,0,-5108.91,1,1.38466,-1.6155,0,0.0213,213
102.15,-4.28984e-08,0,-5108.91,1,1.39116,-1.609,0,0.0214,214
102.15,-4.28216e-08,0,-5108.91,1,1.39767,-1.6025,0,0.0215,215
102.15,-4.26987e-08,0,-5108.91,1,1.40417,-1.596,0,0.0216,216
102.15,-4.2547e-08,0,-5108.91,1,1.41067,-1.5895,0,0.0217,217
102.15,-4.23952e-08,0,-5108.91,1,1.41717,-1.583,0,0.0218,218
102.15,-4.22435e-08,0,-5108.91,1,1.42367,-1.5765,0,0.0219,219
102.15,-4.20918e-08,0,-5108.91,1,1.43017,-1.57,0,0.022,220
102.15,-4.194e-08,0,-5108.91,1,1.43667,-1.5635,0,0.0221,221
102.15,-4.17883e-08,0,-5108.91,1,1.44317,-1.557,0,0.0222,222
102.15,-4.16366e-08,0,-5108.91,1,1.44967,-1.5505,0,0.0223,223
102.15,-4.141e-08,0,-5108.91,1,1.45617,-1.544,0,0.0224,224
102.15,-4.11772e-08,0,-5108.91,1,1.46267,-1.5375,0,0.0225,225
102.15,-4.09444e-08,0,-5108.91,1,1.46917,-1.531,0,0.0226,226
102.15,-4.07116e-08,0,-5108.91,1,1.47567,-1.5245,0,0.0227,227
102.15,-4.04789e-08,0,-5108.91,1,1.48218,-1.518,0,0.0228,228
102.15,-4.02461e-08,0,-5108.91,1,1.48868,-1.5115,0,0.0229,229
102.15,-4.00133e-08,0,-5108.91,1,1.49518,-1.505,0,0.023,230
102.15,-3.97605e-08,0,-5108.91,1,1.50168,-1.4985,0,0.0231,231
102.15,-3.94409e-08,0,-5108.91,1,1.50818,-1.492,0,0.0232,232
102.15,-3.91214e-08,0,-5108.91,1,1.51468,-1.4855,0,0.0233,233
102.15,-3.88019e-08,0,-5108.91,1,1.52118,-1.479,0,0.0234,234
102.15,-3.84824e-08,0,-5108.91,1,1.52768,-1.4725,0,0.0235,235
102.15,-3.81628e-08,0,-5108.91,1,1.53418,-1.466,0,0.0236,236
102.15,-3.78433e-08,0,-5108.91,1,1.54068,-1.4595,0,0.0237,237
102.15,-3.75238e-08,0,-5108.91,1,1.54718,-1.453,0,0.0238,238
102.15,-3.71547e-08,0,-5108.91,1,1.55368,-1.4465,0,0.0239,239
102.15,-3.67431e-08,0,-5108.91,1,1.56018,-1.44,0,0.024,240
102.15,-3.63315e-08,0,-5108.91,1,1.56669,-1.4335,0,0.0241,241
102.15,-3.59199e-08,0,-5108.91,1,1.57319,-1.427,0,0.0242,242
102.15,-3.55083e-08,0,-5108.91,1,1.57969,-1.4205,0,0.0243,243
102.15,-3.50967e-08,0,-5108.91,1,1.58619,-1.414,0,0.0244,244
102.15,-3.46851e-08,0,-5108.91,1,1.59269,-1.4075,0,0.0245,245
102.15,-3.42735e-08,0,-5108.91,1,1.59919,-1.401,0,0.0246,246
102.15,-3.37796e-08,0,-5108.91,1,1.60569,-1.3945,0,0.0247,247
102.15,-3.32707e-08,0,-5108.91,1,1.61219,-1.388,0,0.0248,248
102.15,-3.27618e-08,0,-5108.91,1,1.61869,-1.3815,0,0.0249,249
102.15,-3.22529e-08,0,-5108.91,1,1.62519,-1.375,0,0.025,250
102.15,-3.1744e-08,0,-5108.91,1,1.63169,-1.3685,0,0.0251,251
102.15,-3.12352e-08,0,-5108.91,1,1.63819,-1.362,0,0.0252,252
102.15,-3.07263e-08,0,-5108.91,1,1.64469,-1.3555,0,0.0253,253
102.15,-3.02016e-08,0,-5108.91,1,1.6512,-1.349,0,0.0254,254
102.15,-2.959e-08,0,-5108.91,1,1.6577,-1.3425,0,0.0255,255
102.15,-2.89785e-08,0,-5108.91,1,1.6642,-1.336,0,0.0256,256
102.15,-2.83669e-08,0,-5108.91,1,1.6707,-1.3295,0,0.0257,257
102.15,-2.77553e-08,0,-5108.91,1,1.6772,-1.323,0,0.0258,258
102.15,-2.71438e-08,0,-5108.91,1,1.6837,-1.3165,0,0.0259,259
102.15,-2.65322e-08,0,-5108.91,1,1.6902,-1.31,0,0.026,260
102.15,-2.59206e-08,0,-5108.91,1,1.6967,-1.3035,0,0.0261,261
102.15,-2.52589e-08,0,-5108.91,1,1.7032,-1.297,0,0.0262,262
102.15,-2.45385e-08,0,-5108.91,1,1.7097,-1.2905,0,0.0263,263
102.15,-2.38182e-08,0,-5108.91,1,1.7162,-1.284,0,0.0264,264
102.15,-2.30979e-08,0,-5108.91,1,1.7227,-1.2775,0,0.0265,265
102.15,-2.23776e-08,0,-5108.91,1,1.7292,-1.271,0,0.0266,266
102.15,-2.16572e-08,0,-5108.91,1,1.73571,-1.2645,0,0.0267,267
102.15,-2.09369e-08,0,-5108.91,1,1.74221,-1.258,0,0.0268,268
102.15,-2.02166e-08,0,-5108.92,1,1.74871,-1.2515,0,0.0269,269
102.15,-1.94071e-08,0,-5108.92,1,1.75521,-1.245,0,0.027,270
102.15,-1.85708e-08,0,-5108.92,1,1.76171,-1.2385,0,0.0271,271
102.15,-1.77346e-08,0,-5108.92,1,1.76821,-1.232,0,0.0272,272
102.15,-1.68983e-08,0,-5108.92,1,1.77471,-1.2255,0,0.0273,273
102.15,-1.60621e-08,0,-5108.92,1,1.78121,-1.219,0,0.0274,274
102.15,-1.52259e-08,0,-5108.92,1,1.78771,-1.2125,0,0.0275,275
102.15,-1.43896e-08,0,-5108.92,1,1.79421,-1.206,0,0.0276,276
102.15,-1.35438e-08,0,-5108.92,1,1.80071,-1.1995,0,0.0277,277
102.15,-1.25831e-08,0,-5108.92,1,1.80721,-1.193,0,0.0278,278
102.15,-1.16224e-08,0,-5108.92,1,1.81371,-1.1865,0,0.0279,279
102.15,-1.06616e-08,0,-5108.92,1,1.82022,-1.18,0,0.028,280
102.15,-9.7009e-09,0,-5108.92,1,1.82672,-1.1735,0,0.0281,281
102.15,-8.74018e-09,0,-5108.92,1,1.83322,-1.167,0,0.0282,282
102.15,-7.77945e-09,0,-5108.92,1,1.83972,-1.1605,0,0.0283,283
102.15,-6.81873e-09,0,-5108.92,1,1.84622,-1.154,0,0.0284,284
102.15,-5.80617e-09,0,-5108.92,1,1.85272,-1.1475,0,0.0285,285
102.15,-4.71069e-09,0,-5108.92,1,1.85922,-1.141,0,0.0286,286
102.15,-3.61521e-09,0,-5108.92,1,1.86572,-1.1345,0,0.0287,287
102.15,-2.51973e-09,0,-5108.92,1,1.87222,-1.128,0,0.0288,288
102.15,-1.42425e-09,0,-5108.92,1,1.87872,-1.1215,0,0.0289,289
102.15,-3.28769e-10,0,-5108.92,1,1.88522,-1.115,0,0.029,290
102.15,7.66711e-10,0,-5108.92,1,1.89172,-1.1085,0,0.0291,291
102.15,1.86219e-09,0,-5108.92,1,1.89822,-1.102,0,0.0292,292
102.15,3.05925e-09,0,-5108.92,1,1.90473,-1.0955,0,0.0293,293
102.15,4.30147e-09,0,-5108.92,1,1.91123,-1.089,0,0.0294,294
102.15,5.54368e-09,0,-5108.92,1,1.91773,-1.0825,0,0.0295,295
102.15,6.78589e-09,0,-5108.92,1,1.92423,-1.076,0,0.0296,296
102.15,8.0281e-09,0,-5108.92,1,1.93073,-1.0695,0,0.0297,297
102.15,9.27031e-09,0,-5108.92,1,1.93723,-1.063,0,0.0298,298
102.15,1.05125e-08,0,-5108.92,1,1.94373,-1.0565,0,0.0299,299
102.15,1.17547e-08,0,-5108.92,1,1.95023,-1.05,0,0.03,300
102.15,1.31574e-08,0,-5108.92,1,1.95673,-1.0435,0,0.0301,301
102.15,1.456e-08,0,-5108.92,1,1.96323,-1.037,0,0.0302,302
102.15,1.59626e-08,0,-5108.92,1,1.96973,-1.0305,0,0.0303,303
102.15,1.73652e-08,0,-5108.92,1,1.97623,-1.024,0,0.0304,304
102.15,1.87678e-08,0,-5108.92,1,1.98273,-1.0175,0,0.0305,305
102.15,2.01705e-08,0,-5108.92,1,1.98924,-1.011,0,0.0306,306
102.15,2.15731e-08,0,-5108.92,1,1.99574,-1.0045,0,0.0307,307
102.15,2.30298e-08,0,-5108.92,1,2.00224,-0.998,0,0.0308,308
102.15,2.46083e-08,0,-5108.92,1,2.00874,-0.9915,0,0.0309,309
102.15,2.61868e-08,0,-5108.92,1,2.01524,-0.985,0,0.031,310
102.15,2.77653e-08,0,-5108.92,1,2.02174,-0.9785,0,0.0311,311
102.15,2.93438e-08,0,-5108.92,1,2.02824,-0.972,0,0.0312,312
102.15,3.09223e-08,0,-5108.92,1,2.03474,-0.9655,0,0.0313,313
102.15,3.25007e-08,0,-5108.92,1,2.04124,-0.959,0,0.0314,314
102.15,3.40792e-08,0,-5108.92,1,2.04774,-0.9525,0,0.0315,315
102.15,3.57767e-08,0,-5108.92,1,2.05424,-0.946,0,0.0316,316
102.15,3.75487e-08,0,-5108.92,1,2.06074,-0.9395,0,0.0317,317
102.15,3.93205e-08,0,-5108.92,1,2.06724,-0.933,0,0.0318,318
102.15,4.10925e-08,0,-5108.92,1,2.07375,-0.9265,0,0.0319,319
102.15,4.28644e-08,0,-5108.92,1,2.08025,-0.92,0,0.032,320
102.15,4.46363e-08,0,-5108.92,1,2.08675,-0.9135,0,0.0321,321
102.15,4.64082e-08,0,-5108.92,1,2.09325,-0.907,0,0.0322,322
102.15,4.81801e-08,0,-5108.92,1,2.09975,-0.9005,0,0.0323,323
102.15,5.01495e-08,0,-5108.92,1,2.10625,-0.894,0,0.0324,324
102.15,5.21354e-08,0,-5108.92,1,2.11275,-0.8875,0,0.0325,325
102.15,5.41213e-08,0,-5108.92,1,2.11925,-0.881,0,0.0326,326
102.15,5.61071e-08,0,-5108.92,1,2.12575,-0.8745,0,0.0327,327
102.15,5.8093e-08,0,-5108.92,1,2.13225,-0.868,0,0.0328,328
102.15,6.00789e-08,0,-5108.92,1,2.13875,-0.8615,0,0.0329,329
102.15,6.20647e-08,0,-5108.92,1,2.14525,-0.855,0,0.033,330
102.15,6.41057e-08,0,-5108.92,1,2.15175,-0.8485,0,0.0331,331
102.15,6.63304e-08,0,-5108.92,1,2.15826,-0.842,0,0.0332,332
102.15,6.85551e-08,0,-5108.92,1,2.16476,-0.8355,0,0.0333,333
102.15,7.07797e-08,0,-5108.92,1,2.17126,-0.829,0,0.0334,334
102.15,7.30044e-08,0,-5108.92,1,2.17776,-0.8225,0,0.0335,335
102.15,7.52291e-08,0,-5108.92,1,2.18426,-0.816,0,0.0336,336
102.15,7.74538e-08,0,-5108.92,1,2.19076,-0.8095,0,0.0337,337
102.15,7.96784e-08,0,-5108.92,1,2.19726,-0.803,0,0.0338,338
102.15,8.20484e-08,0,-5108.92,1,2.20376,-0.7965,0,0.0339,339
102.15,8.45429e-08,0,-5108.92,1,2.21026,-0.79,0,0.034,340
102.15,8.70375e-08,0,-5108.92,1,2.21676,-0.7835,0,0.0341,341
102.15,8.9532e-08,0,-5108.92,1,2.22326,-0.777,0,0.0342,342
102.15,9.20265e-08,0,-5108.92,1,2.22976,-0.7705,0,0.0343,343
102.15,9.4521e-08,0,-5108.92,1,2.23626,-0.764,0,0.0344,344
102.15,9.70156e-08,0,-5108.92,1,2.24277,-0.7575,0,0.0345,345
102.15,9.95101e-08,0,-5108.92,1,2.24927,-0.751,0,0.0346,346
102.15,1.02266e-07,0,-5108.92,1,2.25577,-0.7445,0,0.0347,347
102.15,1.0507e-07,0,-5108.92,1,2.26227,-0.738,0,0.0348,348
102.15,1.07874e-07,0,-5108.92,1,2.26877,-0.7315,0,0.0349,349
102.15,1.10678e-07,0,-5108.92,1,2.27527,-0.725,0,0.035,350
102.15,1.13481e-07,0,-5108.92,1,2.28177,-0.7185,0,0.0351,351
102.15,1.16285e-07,0,-5108.92,1,2.28827,-0.712,0,0.0352,352
102.15,1.19089e-07,0,-5108.92,1,2.29477,-0.7055,0,0.0353,353
102.15,1.21948e-07,0,-5108.92,1,2.30127,-0.699,0,0.0354,354
102.15,1.25111e-07,0,-5108.92,1,2.30777,-0.6925,0,0.0355,355
102.15,1.28274e-07,0,-5108.92,1,2.31427,-0.686,0,0.0356,356
102.15,1.31437e-07,0,-5108.92,1,2.32077,-0.6795,0,0.0357,357
102.15,1.346e-07,0,-5108.92,1,2.32728,-0.673,0,0.0358,358
102.15,1.37763e-07,0,-5108.92,1,2.33378,-0.6665,0,0.0359,359
102.15,1.40925e-07,0,-5108.92,1,2.34028,-0.66,0,0.036,360
102.15,1.44088e-07,0,-5108.92,1,2.34678,-0.6535,0,0.0361,361
102.15,1.47446e-07,0,-5108.92,1,2.35328,-0.647,0,0.0362,362
102.15,1.5103e-07,0,-5108.92,1,2.35978,-0.6405,0,0.0363,363
102.15,1.54614e-07,0,-5108.92,1,2.36628,-0.634,0,0.0364,364
102.15,1.58198e-07,0,-5108.92,1,2.37278,-0.6275,0,0.0365,365
102.15,1.61783e-07,0,-5108.92,1,2.37928,-0.621,0,0.0366,366
102.15,1.65367e-07,0,-5108.92,1,2.38578,-0.6145,0,0.0367,367
102.15,1.68951e-07,0,-5108.92,1,2.39228,-0.608,0,0.0368,368
102.15,1.72535e-07,0,-5108.92,1,2.39878,-0.6015,0,0.0369,369
102.15,1.76502e-07,0,-5108.92,1,2.40528,-0.595,0,0.037,370
102.15,1.80583e-07,0,-5108.92,1,2.41179,-0.5885,0,0.0371,371
102.15,1.84664e-07,0,-5108.92,1,2.41829,-0.582,0,0.0372,372
102.15,1.88746e-07,0,-5108.92,1,2.42479,-0.5755,0,0.0373,373
102.15,1.92827e-07,0,-5108.92,1,2.43129,-0.569,0,0.0374,374
102.15,1.96908e-07,0,-5108.92,1,2.43779,-0.5625,0,0.0375,375
102.15,2.0099e-07,0,-5108.92,1,2.44429,-0.556,0,0.0376,376
102.15,2.05116e-07,0,-5108.92,1,2.45079,-0.5495,0,0.0377,377
102.15,2.09785e-07,0,-5108.92,1,2.45729,-0.543,0,0.0378,378
102.15,2.14454e-07,0,-5108.92,1,2.46379,-0.5365,0,0.0379,379
102.15,2.19123e-07,0,-5108.92,1,2.47029,-0.53,0,0.038,380
102.15,2.23791e-07,0,-5108.92,1,2.47679,-0.5235,0,0.0381,381
102.15,2.2846e-07,0,-5108.92,1,2.48329,-0.517,0,0.0382,382
102.15,2.33129e-07,0,-5108.92,1,2.48979,-0.5105,0,0.0383,383
102.15,2.37798e-07,0,-5108.92,1,2.4963,-0.504,0,0.0384,384
102.15,2.42733e-07,0,-5108.92,1,2.5028,-0.4975,0,0.0385,385
102.15,2.48095e-07,0,-5108.92,1,2.5093,-0.491,0,0.0386,386
102.15,2.53457e-07,0,-5108.92,1,2.5158,-0.4845,0,0.0387,387
102.15,2.58818e-07,0,-5108.92,1,2.5223,-0.478,0,0.0388,388
102.15,2.6418e-07,0,-5108.92,1,2.5288,-0.4715,0,0.0389,389
102.15,2.69542e-07,0,-5108.92,1,2.5353,-0.465,0,0.039,390
102.15,2.74903e-07,0,-5108.92,1,2.5418,-0.4585,0,0.0391,391
102.15,2.80265e-07,0,-5108.92,1,2.5483,-0.452,0,0.0392,392
102.15,2.8619e-07,0,-5108.92,1,2.5548,-0.4455,0,0.0393,393
102.15,2.92365e-07,0,-5108.92,1,2.5613,-0.439,0,0.0394,394
102.15,2.9854e-07,0,-5108.92,1,2.5678,-0.4325,0,0.0395,395
102.15,3.04715e-07,0,-5108.92,1,2.5743,-0.426,0,0.0396,396
102.15,3.1089e-07,0,-5108.92,1,2.58081,-0.4195,0,0.0397,397
102.15,3.17065e-07,0,-5108.92,1,2.58731,-0.413,0,0.0398,398
102.15,3.2324e-07,0,-5108.92,1,2.59381,-0.4065,0,0.0399,399
102.15,3.29415e-07,0,-5108.92,1,2.60031,-0.4,0,0.04,400
102.15,3.3654e-07,0,-5108.92,1,2.60681,-0.3935,0,0.0401,401
102.15,3.43666e-07,0,-5108.92,1,2.61331,-0.387,0,0.0402,402
102.15,3.50791e-07,0,-5108.92,1,2.61981,-0.3805,0,0.0403,403
102.15,3.57917e-07,0,-5108.92,1,2.62631,-0.374,0,0.0404,404
102.15,3.65042e-07,0,-5108.92,1,2.63281,-0.3675,0,0.0405,405
102.15,3.72168e-07,0,-5108.92,1,2.63931,-0.361,0,0.0406,406
102.15,3.79293e-07,0,-5108.92,1,2.64581,-0.3545,0,0.0407,407
102.15,3.8676e-07,0,-5108.92,1,2.65231,-0.348,0,0.0408,408
102.15,3.94994e-07,0,-5108.92,1,2.65881,-0.3415,0,0.0409,409
102.15,4.03228e-07,0,-5108.92,1,2.66532,-0.335,0,0.041,410
102.15,4.11462e-07,0,-5108.92,1,2.67182,-0.3285,0,0.0411,411
102.15,4.19696e-07,0,-5108.92,1,2.67832,-0.322,0,0.0412,412
102.15,4.2793e-07,0,-5108.92,1,2.68482,-0.3155,0,0.0413,413
102.15,4.36164e-07,0,-5108.92,1,2.69132,-0.309,0,0.0414,414
102.15,4.44398e-07,0,-5108.92,1,2.69782,-0.3025,0,0.0415,415
102.15,4.5343e-07,0,-5108.92,1,2.70432,-0.296,0,0.0416,416
102.15,4.62962e-07,0,-5108.92,1,2.71082,-0.2895,0,0.0417,417
102.15,4.72493e-07,0,-5108.93,1,2.71732,-0.283,0,0.0418,418
102.15,4.82024e-07,0,-5108.93,1,2.72382,-0.2765,0,0.0419,419
102.15,4.91555e-07,0,-5108.93,1,2.73032,-0.27,0,0.042,420
102.15,5.01086e-07,0,-5108.93,1,2.73682,-0.2635,0,0.0421,421
102.15,5.10618e-07,0,-5108.93,1,2.74332,-0.257,0,0.0422,422
102.15,5.20149e-07,0,-5108.94,1,2.74983,-0.2505,0,0.0423,423
102.15,5.31084e-07,0,-5108.92,1,2.75633,-0.244,0,0.0424,424
102.15,5.42135e-07,0,-5108.91,1,2.76283,-0.2375,0,0.0425,425
102.151,5.53187e-07,0,-5108.9,1,2.76933,-0.231,0,0.0426,426
102.151,5.64239e-07,0,-5108.89,1,2.77583,-0.2245,0,0.0427,427
102.151,5.7529e-07,0,-5108.87,1,2.78233,-0.218,0,0.0428,428
102.152,5.86342e-07,0,-5108.86,1,2.78883,-0.2115,0,0.0429,429
102.152,5.97394e-07,0,-5108.85,1,2.79533,-0.205,0,0.043,430
102.152,6.08856e-07,0,-5108.86,1,2.80183,-0.1985,0,0.0431,431
102.149,6.21686e-07,0,-5108.95,1,2.80833,-0.192,0,0.0432,432
102.146,6.34517e-07,0,-5109.04,1,2.81483,-0.1855,0,0.0433,433
102.144,6.47347e-07,0,-5109.13,1,2.82133,-0.179,0,0.0434,434
102.141,6.60178e-07,0,-5109.22,1,2.82783,-0.1725,0,0.0435,435
102.138,6.73008e-07,0,-5109.31,1,2.83434,-0.166,0,0.0436,436
102.135,6.85839e-07,0,-5109.4,1,2.84084,-0.1595,0,0.0437,437
102.133,6.98669e-07,0,-5109.49,1,2.84734,-0.153,0,0.0438,438
102.142,7.12604e-07,0,-5109.19,1,2.85384,-0.1465,0,0.0439,439
102.161,7.27486e-07,0,-5108.54,1,2.86034,-0.14,0,0.044,440
102.181,7.42368e-07,0,-5107.9,1,2.86684,-0.1335,0,0.0441,441
102.2,7.57249e-07,0,-5107.25,1,2.87334,-0.127,0,0.0442,442
102.22,7.72131e-07,0,-5106.61,1,2.87984,-0.1205,0,0.0443,443
102.239,7.87013e-07,0,-5105.96,1,2.88634,-0.114,0,0.0444,444
102.259,8.01894e-07,0,-5105.32,1,2.89284,-0.1075,0,0.0445,445
102.278,8.16776e-07,0,-5104.67,1,2.89934,-0.101,0,0.0446,446
102.163,-2.1851e-06,0,-5108.48,1,2.90584,-0.0945,0,0.0447,447
102.024,-5.73547e-06,0,-5113.1,1,2.91234,-0.088,0,0.0448,448
101.885,-9.28584e-06,0,-5117.71,1,2.91885,-0.0815,0,0.0449,449
101.746,-1.28362e-05,0,-5122.33,1,2.92535,-0.075,0,0.045,450
101.607,-1.63866e-05,0,-5126.94,1,2.93185,-0.0685,0,0.0451,451
101.468,-1.9937e-05,0,-5131.56,1,2.93835,-0.062,0,0.0452,452
101.329,-2.34873e-05,0,-5136.17,1,2.94485,-0.0555,0,0.0453,453
101.229,-0.140188,0,-5134.99,1,2.95135,-0.049,0,0.0454,454
101.349,-1.05123,0,-5101.95,1,2.95785,-0.0425,0,0.0455,455
101.468,-1.96228,0,-5068.92,1,2.96435,-0.036,0,0.0456,456
101.588,-2.87333,0,-5035.88,1,2.97085,-0.0295,0,0.0457,457
101.707,-3.78437,0,-5002.84,1,2.97735,-0.023,0,0.0458,458
101.827,-4.69542,0,-4969.8,1,2.98385,-0.0165,0,0.0459,459
101.946,-5.60647,0,-4936.76,1,2.99035,-0.01,0,0.046,460
102.066,-6.51751,0,-4903.73,1,2.99685,-0.0035,0,0.0461,461
102.205,-7.74911,0,-4826.96,1,3.00336,0.003,0,0.0462,462
102.368,-9.35467,0,-4699.17,1,3.00986,0.0095,0,0.0463,463
102.531,-10.9602,0,-4571.38,1,3.01636,0.016,0,0.0464,464
102.694,-12.5658,0,-4443.58,1,3.02286,0.0225,0,0.0465,465
102.857,-14.1714,0,-4315.79,1,3.02936,0.029,0,0.0466,466
103.02,-15.7769,0,-4188,1,3.03586,0.0355,0,0.0467,467
103.183,-17.3825,0,-4060.22,1,3.04236,0.042,0,0.0468,468
103.346,-18.988,0,-3932.43,1,3.04886,0.0485,0,0.0469,469
103.259,-20.3077,0,-3785.19,1,3.05536,0.055,0,0.047,470
103.097,-21.5417,0,-3632.12,1,3.06186,0.0615,0,0.0471,471
102.936,-22.7756,0,-3479.05,1,3.06836,0.068,0,0.0472,472
102.774,-24.0095,0,-3325.98,1,3.07486,0.0745,0,0.0473,473
102.612,-25.2434,0,-3172.91,1,3.08136,0.081,0,0.0474,474
102.451,-26.4774,0,-3019.84,1,3.08787,0.0875,0,0.0475,475
102.289,-27.7113,0,-2866.77,1,3.09437,0.094,0,0.0476,476
102.137,-28.9244,0,-2717.73,1,3.10087,0.1005,0,0.0477,477
102.107,-29.8883,0,-2617.04,1,3.10737,0.107,0,0.0478,478
102.077,-30.8522,0,-2516.35,1,3.11387,0.1135,0,0.0479,479
102.048,-31.8161,0,-2415.66,1,3.12037,0.12,0,0.048,480
102.018,-32.78,0,-2314.97,1,3.12687,0.1265,0,0.0481,481
101.988,-33.7439,0,-2214.28,1,3.13337,0.133,0,0.0482,482
101.958,-34.7078,0,-2113.59,1,3.13987,0.1395,0,0.0483,483
101.928,-35.6717,0,-2012.89,1,3.14637,0.146,0,0.0484,484
101.918,-36.5605,0,-1926.4,1,3.15287,0.1525,0,0.0485,485
101.939,-37.3291,0,-1862.62,1,3.15937,0.159,0,0.0486,486
101.961,-38.0977,0,-1798.84,1,3.16587,0.1655,0,0.0487,487
101.983,-38.8664,0,-1735.06,1,3.17238,0.172,0,0.0488,488
102.004,-39.635,0,-1671.29,1,3.17888,0.1785,0,0.0489,489
102.026,-40.4036,0,-1607.51,1,3.18538,0.185,0,0.049,490
102.048,-41.1722,0,-1543.73,1,3.19188,0.1915,0,0.0491,491
102.069,-41.9408,0,-1479.95,1,3.19838,0.198,0,0.0492,492
102.082,-42.6149,0,-1426.68,1,3.20488,0.2045,0,0.0493,493
102.09,-43.247,0,-1378.09,1,3.21138,0.211,0,0.0494,494
102.098,-43.8792,0,-1329.5,1,3.21788,0.2175,0,0.0495,495
102.106,-44.5113,0,-1280.91,1,3.22438,0.224,0,0.0496,496
102.114,-45.1434,0,-1232.32,1,3.23088,0.2305,0,0.0497,497
102.122,-45.7755,0,-1183.72,1,3.23738,0.237,0,0.0498,498
102.13,-46.4076,0,-1135.13,1,3.24388,0.2435,0,0.0499,499
102.138,-47.0397,0,-1086.54,1,3.25038,0.25,0,0.05,500
102.138,-47.5755,0,-1047.07,1,3.25689,0.2565,0,0.0501,501
102.138,-48.1113,0,-1007.59,1,3.26339,0.263,0,0.0502,502
102.138,-48.647,0,-968.118,1,3.26989,0.2695,0,0.0503,503
102.137,-49.1828,0,-928.644,1,3.27639,0.276,0,0.0504,504
102.137,-49.7186,0,-889.169,1,3.28289,0.2825,0,0.0505,505
102.137,-50.2543,0,-849.695,1,3.28939,0.289,0,0.0506,506
102.136,-50.7901,0,-810.221,1,3.29589,0.2955,0,0.0507,507
102.136,-51.3045,0,-772.995,1,3.30239,0.302,0,0.0508,508
102.137,-51.7707,0,-740.824,1,3.30889,0.3085,0,0.0509,509
102.137,-52.2369,0,-708.654,1,3.31539,0.315,0,0.051,510
102.138,-52.7031,0,-676.484,1,3.32189,0.3215,0,0.0511,511
102.139,-53.1693,0,-644.314,1,3.32839,0.328,0,0.0512,512
102.139,-53.6355,0,-612.144,1,3.33489,0.3345,0,0.0513,513
102.14,-54.1018,0,-579.974,1,3.3414,0.341,0,0.0514,514
102.141,-54.568,0,-547.804,1,3.3479,0.3475,0,0.0515,515
102.14,-55.0033,0,-519.058,1,3.3544,0.354,0,0.0516,516
102.138,-55.4192,0,-492.452,1,3.3609,0.3605,0,0.0517,517
102.136,-55.8351,0,-465.846,1,3.3674,0.367,0,0.0518,518
102.134,-56.251,0,-439.24,1,3.3739,0.3735,0,0.0519,519
102.133,-56.6669,0,-412.634,1,3.3804,0.38,0,0.052,520
102.131,-57.0829,0,-386.028,1,3.3869,0.3865,0,0.0521,521
102.129,-57.4988,0,-359.422,1,3.3934,0.393,0,0.0522,522
102.127,-57.9147,0,-332.817,1,3.3999,0.3995,0,0.0523,523
102.137,-58.2951,0,-308.959,1,3.4064,0.406,0,0.0524,524
102.149,-58.6725,0,-285.33,1,3.4129,0.4125,0,0.0525,525
102.16,-59.0499,0,-261.701,1,3.4194,0.419,0,0.0526,526
102.171,-59.4273,0,-238.072,1,3.42591,0.4255,0,0.0527,527
102.182,-59.8047,0,-214.444,1,3.43241,0.432,0,0.0528,528
102.194,-60.182,0,-190.815,1,3.43891,0.4385,0,0.0529,529
102.205,-60.5594,0,-167.186,1,3.44541,0.445,0,0.053,530
102.212,-60.8913,0,-145.067,1,3.45191,0.4515,0,0.0531,531
102.205,-61.0712,0,-127.979,1,3.45841,0.458,0,0.0532,532
102.198,-61.2511,0,-110.892,1,3.46491,0.4645,0,0.0533,533
102.191,-61.431,0,-93.8041,1,3.47141,0.471,0,0.0534,534
102.184,-61.611,0,-76.7165,1,3.47791,0.4775,0,0.0535,535
102.176,-61.7909,0,-59.629,1,3.48441,0.484,0,0.0536,536
102.169,-61.9708,0,-42.5414,1,3.49091,0.4905,0,0.0537,537
102.162,-62.1508,0,-25.4539,1,3.49741,0.497,0,0.0538,538
102.152,-62.2338,0,-15.2344,1,3.50391,0.5035,0,0.0539,539
102.14,-62.2338,0,-10.9018,1,3.51042,0.51,0,0.054,540
102.128,-62.2338,0,-6.56926,1,3.51692,0.5165,0,0.0541,541
102.115,-62.2338,0,-2.23668,1,3.52342,0.523,0,0.0542,542
102.103,-62.2338,0,2.0959,1,3.52992,0.5295,0,0.0543,543
102.091,-62.2338,0,6.42849,1,3.53642,0.536,0,0.0544,544
102.078,-62.2338,0,10.7611,1,3.54292,0.5425,0,0.0545,545
102.066,-62.2338,0,15.0937,1,3.54942,0.549,0,0.0546,546
102.073,-62.2338,0,14.235,1,3.55592,0.5555,0,0.0547,547
102.084,-62.2338,0,12.4326,1,3.56242,0.562,0,0.0548,548
102.095,-62.2338,0,10.6301,1,3.56892,0.5685,0,0.0549,549
102.106,-62.2338,0,8.82765,1,3.57542,0.575,0,0.055,550
102.118,-62.2338,0,7.02518,1,3.58192,0.5815,0,0.0551,551
102.129,-62.2338,0,5.22272,1,3.58842,0.588,0,0.0552,552
102.14,-62.2338,0,3.42025,1,3.59493,0.5945,0,0.0553,553
102.149,-62.2338,0,1.82399,1,3.60143,0.601,0,0.0554,554
102.15,-62.2338,0,1.36183,1,3.60793,0.6075,0,0.0555,555
102.152,-62.2338,0,0.899683,1,3.61443,0.614,0,0.0556,556
102.153,-62.2338,0,0.437532,1,3.62093,0.6205,0,0.0557,557
102.154,-62.2338,0,-0.0246155,1,3.62743,0.627,0,0.0558,558
102.156,-62.2338,0,-0.486767,1,3.63393,0.6335,0,0.0559,559
102.157,-62.2338,0,-0.948918,1,3.64043,0.64,0,0.056,560
102.158,-62.2338,0,-1.41107,1,3.64693,0.6465,0,0.0561,561
102.158,-62.2338,0,-1.57221,1,3.65343,0.653,0,0.0562,562
102.157,-62.2338,0,-1.38218,1,3.65993,0.6595,0,0.0563,563
102.156,-62.2338,0,-1.19215,1,3.66643,0.666,0,0.0564,564
102.155,-62.2338,0,-1.00212,1,3.67293,0.6725,0,0.0565,565
102.154,-62.2338,0,-0.81209,1,3.67944,0.679,0,0.0566,566
102.153,-62.2338,0,-0.62206,1,3.68594,0.6855,0,0.0567,567
102.151,-62.2338,0,-0.432031,1,3.69244,0.692,0,0.0568,568
102.15,-62.2338,0,-0.242001,1,3.69894,0.6985,0,0.0569,569
102.15,-62.2338,0,-0.160296,1,3.70544,0.705,0,0.057,570
102.15,-62.2338,0,-0.111088,1,3.71194,0.7115,0,0.0571,571
102.15,-62.2338,0,-0.0618811,1,3.71844,0.718,0,0.0572,572
102.15,-62.2338,0,-0.0126739,1,3.72494,0.7245,0,0.0573,573
102.149,-62.2338,0,0.0365333,1,3.73144,0.731,0,0.0574,574
102.149,-62.2338,0,0.0857406,1,3.73794,0.7375,0,0.0575,575
102.149,-62.2338,0,0.134948,1,3.74444,0.744,0,0.0576,576
102.149,-62.2338,0,0.178823,1,3.75094,0.7505,0,0.0577,577
102.149,-62.2338,0,0.158713,1,3.75744,0.757,0,0.0578,578
102.149,-62.2338,0,0.138603,1,3.76395,0.7635,0,0.0579,579
102.149,-62.2338,0,0.118492,1,3.77045,0.77,0,0.058,580
102.15,-62.2338,0,0.0983823,1,3.77695,0.7765,0,0.0581,581
102.15,-62.2338,0,0.0782722,1,3.78345,0.783,0,0.0582,582
102.15,-62.2338,0,0.058162,1,3.78995,0.7895,0,0.0583,583
102.15,-62.2338,0,0.0380519,1,3.79645,0.796,0,0.0584,584
102.15,-62.2338,0,0.0236366,1,3.80295,0.8025,0,0.0585,585
102.15,-62.2338,0,0.0183331,1,3.80945,0.809,0,0.0586,586
102.15,-62.2338,0,0.0130295,1,3.81595,0.8155,0,0.0587,587
102.15,-62.2338,0,0.00772599,1,3.82245,0.822,0,0.0588,588
102.15,-62.2338,0,0.00242251,1,3.82895,0.8285,0,0.0589,589
102.15,-62.2338,0,-0.00288102,1,3.83545,0.835,0,0.059,590
102.15,-62.2338,0,-0.00818455,1,3.84195,0.8415,0,0.0591,591
102.15,-62.2338,0,-0.0134881,1,3.84846,0.848,0,0.0592,592
102.15,-62.2338,0,-0.0136819,1,3.85496,0.8545,0,0.0593,593
102.15,-62.2338,0,-0.0116047,1,3.86146,0.861,0,0.0594,594
102.15,-62.2338,0,-0.00952754,1,3.86796,0.8675,0,0.0595,595
102.15,-62.2338,0,-0.00745036,1,3.87446,0.874,0,0.0596,596
102.15,-62.2338,0,-0.00537317,1,3.88096,0.8805,0,0.0597,597
102.15,-62.2338,0,-0.00329598,1,3.88746,0.887,0,0.0598,598
102.15,-62.2338,0,-0.00121882,1,3.89396,0.8935,0,0.0599,599
102.15,-62.2338,0,0.00085837,1,3.90046,0.9,0,0.06,600
102.15,-62.2338,0,0.00139284,1,3.90696,0.9065,0,0.0601,601
102.15,-62.2338,0,0.00192731,1,3.91346,0.913,0,0.0602,602
102.15,-62.2338,0,0.00246178,1,3.91996,0.9195,0,0.0603,603
102.15,-62.2338,0,0.00299625,1,3.92646,0.926,0,0.0604,604
102.15,-62.2338,0,0.00353072,1,3.93297,0.9325,0,0.0605,605
102.15,-62.2338,0,0.00406518,1,3.93947,0.939,0,0.0606,606
102.15,-62.2338,0,0.00459965,1,3.94597,0.9455,0,0.0607,607
102.15,-62.2338,0,0.0048964,1,3.95247,0.952,0,0.0608,608
102.15,-62.2338,0,0.00465828,1,3.95897,0.9585,0,0.0609,609
102.15,-62.2338,0,0.00442017,1,3.96547,0.965,0,0.061,610
102.15,-62.2338,0,0.00418205,1,3.97197,0.9715,0,0.0611,611
102.15,-62.2338,0,0.00394394,1,3.97847,0.978,0,0.0612,612
102.15,-62.2338,0,0.00370582,1,3.98497,0.9845,0,0.0613,613
102.15,-62.2338,0,0.0034677,1,3.99147,0.991,0,0.0614,614
102.15,-62.2338,0,0.00322959,1,3.99797,0.9975,0,0.0615,615
102.15,-62.2338,0,0.00309744,1,4.00447,1.004,0,0.0616,616
102.15,-62.2338,0,0.00303151,1,4.01097,1.0105,0,0.0617,617
102.15,-62.2338,0,0.00296559,1,4.01748,1.017,0,0.0618,618
102.15,-62.2338,0,0.00289967,1,4.02398,1.0235,0,0.0619,619
102.15,-62.2338,0,0.00283375,1,4.03048,1.03,0,0.062,620
102.15,-62.2338,0,0.00276783,1,4.03698,1.0365,0,0.0621,621
102.15,-62.2338,0,0.0027019,1,4.04348,1.043,0,0.0622,622
102.15,-62.2338,0,0.00263598,1,4.04998,1.0495,0,0.0623,623
102.15,-62.2338,0,0.00265293,1,4.05648,1.056,0,0.0624,624
102.15,-62.2338,0,0.00267679,1,4.06298,1.0625,0,0.0625,625
102.15,-62.2338,0,0.00270065,1,4.06948,1.069,0,0.0626,626
102.15,-62.2338,0,0.0027245,1,4.07598,1.0755,0,0.0627,627
102.15,-62.2338,0,0.00274836,1,4.08248,1.082,0,0.0628,628
102.15,-62.2338,0,0.00277222,1,4.08898,1.0885,0,0.0629,629
102.15,-62.2338,0,0.00279607,1,4.09548,1.095,0,0.063,630
102.15,-62.2338,0,0.00281685,1,4.10199,1.1015,0,0.0631,631
102.15,-62.2338,0,0.00282738,1,4.10849,1.108,0,0.0632,632
102.15,-62.2338,0,0.00283791,1,4.11499,1.1145,0,0.0633,633
102.15,-62.2338,0,0.00284843,1,4.12149,1.121,0,0.0634,634
102.15,-62.2338,0,0.00285896,1,4.12799,1.1275,0,0.0635,635
102.15,-62.2338,0,0.00286948,1,4.13449,1.134,0,0.0636,636
102.15,-62.2338,0,0.00288001,1,4.14099,1.1405,0,0.0637,637
102.15,-62.2338,0,0.00289054,1,4.14749,1.147,0,0.0638,638
102.15,-62.2338,0,0.002897,1,4.15399,1.1535,0,0.0639,639
102.15,-62.2338,0,0.00289998,1,4.16049,1.16,0,0.064,640
102.15,-62.2338,0,0.00290297,1,4.16699,1.1665,0,0.0641,641
102.15,-62.2338,0,0.00290595,1,4.17349,1.173,0,0.0642,642
102.15,-62.2338,0,0.00290893,1,4.17999,1.1795,0,0.0643,643
102.15,-62.2338,0,0.00291192,1,4.1865,1.186,0,0.0644,644
102.15,-62.2338,0,0.0029149,1,4.193,1.1925,0,0.0645,645
102.15,-62.2338,0,0.00291788,1,4.1995,1.199,0,0.0646,646
102.15,-62.2338,0,0.00292203,1,4.206,1.2055,0,0.0647,647
102.15,-62.2338,0,0.0029264,1,4.2125,1.212,0,0.0648,648
102.15,-62.2338,0,0.00293077,1,4.219,1.2185,0,0.0649,649
102.15,-62.2338,0,0.00293513,1,4.2255,1.225,0,0.065,650
102.15,-62.2338,0,0.0029395,1,4.232,1.2315,0,0.0651,651
102.15,-62.2338,0,0.00294387,1,4.2385,1.238,0,0.0652,652
102.15,-62.2338,0,0.00294823,1,4.245,1.2445,0,0.0653,653
102.15,-62.2338,0,0.00295261,1,4.2515,1.251,0,0.0654,654
102.15,-62.2338,0,0.00295707,1,4.258,1.2575,0,0.0655,655
102.15,-62.2338,0,0.00296153,1,4.2645,1.264,0,0.0656,656
102.15,-62.2338,0,0.00296598,1,4.27101,1.2705,0,0.0657,657
102.15,-62.2338,0,0.00297044,1,4.27751,1.277,0,0.0658,658
102.15,-62.2338,0,0.0029749,1,4.28401,1.2835,0,0.0659,659
102.15,-62.2338,0,0.00297936,1,4.29051,1.29,0,0.066,660
102.15,-62.2338,0,0.00298381,1,4.29701,1.2965,0,0.0661,661
102.15,-62.2338,0,0.00298828,1,4.30351,1.303,0,0.0662,662
102.15,-62.2338,0,0.00299276,1,4.31001,1.3095,0,0.0663,663
102.15,-62.2338,0,0.00299724,1,4.31651,1.316,0,0.0664,664
102.15,-62.2338,0,0.00300172,1,4.32301,1.3225,0,0.0665,665
102.15,-62.2338,0,0.00300619,1,4.32951,1.329,0,0.0666,666
102.15,-62.2338,0,0.00301067,1,4.33601,1.3355,0,0.0667,667
102.15,-62.2338,0,0.00301515,1,4.34251,1.342,0,0.0668,668
102.15,-62.2338,0,0.00301963,1,4.34901,1.3485,0,0.0669,669
102.15,-62.2338,0,0.003026,1,4.35552,1.355,0,0.067,670
102.15,-62.2338,0,0.00303294,1,4.36202,1.3615,0,0.0671,671
102.15,-62.2338,0,0.00303988,1,4.36852,1.368,0,0.0672,672
102.15,-62.2338,0,0.00304681,1,4.37502,1.3745,0,0.0673,673
102.15,-62.2338,0,0.00305375,1,4.38152,1.381,0,0.0674,674
102.15,-62.2338,0,0.00306069,1,4.38802,1.3875,0,0.0675,675
102.15,-62.2338,0,0.00306763,1,4.39452,1.394,0,0.0676,676
102.15,-62.2338,0,0.003075,1,4.40102,1.4005,0,0.0677,677
102.15,-62.2338,0,0.00308755,1,4.40752,1.407,0,0.0678,678
102.15,-62.2338,0,0.0031001,1,4.41402,1.4135,0,0.0679,679
102.15,-62.2338,0,0.00311266,1,4.42052,1.42,0,0.068,680
102.15,-62.2338,0,0.00312521,1,4.42702,1.4265,0,0.0681,681
102.15,-62.2338,0,0.00313777,1,4.43352,1.433,0,0.0682,682
102.15,-62.2338,0,0.00315032,1,4.44003,1.4395,0,0.0683,683
102.15,-62.2338,0,0.00316288,1,4.44653,1.446,0,0.0684,684
102.15,-62.2338,0,0.00317867,1,4.45303,1.4525,0,0.0685,685
102.15,-62.2338,0,0.00319966,1,4.45953,1.459,0,0.0686,686
102.15,-62.2338,0,0.00322065,1,4.46603,1.4655,0,0.0687,687
102.15,-62.2338,0,0.00324164,1,4.47253,1.472,0,0.0688,688
102.15,-62.2338,0,0.00326263,1,4.47903,1.4785,0,0.0689,689
102.15,-62.2338,0,0.00328362,1,4.48553,1.485,0,0.069,690
102.15,-62.2338,0,0.00330461,1,4.49203,1.4915,0,0.0691,691
102.15,-62.2338,0,0.0033256,1,4.49853,1.498,0,0.0692,692
102.15,-62.2338,0,0.00335344,1,4.50503,1.5045,0,0.0693,693
102.15,-62.2338,0,0.00338433,1,4.51153,1.511,0,0.0694,694
102.15,-62.2338,0,0.00341522,1,4.51803,1.5175,0,0.0695,695
102.15,-62.2338,0,0.00344611,1,4.52454,1.524,0,0.0696,696
102.15,-62.2338,0,0.003477,1,4.53104,1.5305,0,0.0697,697
102.15,-62.2338,0,0.00350789,1,4.53754,1.537,0,0.0698,698
102.15,-62.2338,0,0.00353878,1,4.54404,1.5435,0,0.0699,699
102.15,-62.2338,0,0.00356967,1,4.55054,1.55,0,0.07,700
102.15,-62.2338,0,0.00360931,1,4.55704,1.5565,0,0.0701,701
102.15,-62.2338,0,0.00364895,1,4.56354,1.563,0,0.0702,702
102.15,-62.2338,0,0.00368859,1,4.57004,1.5695,0,0.0703,703
102.15,-62.2338,0,0.00372823,1,4.57654,1.576,0,0.0704,704
102.15,-62.2338,0,0.00376787,1,4.58304,1.5825,0,0.0705,705
102.15,-62.2338,0,0.00380751,1,4.58954,1.589,0,0.0706,706
102.15,-62.2338,0,0.00384715,1,4.59604,1.5955,0,0.0707,707
102.15,-62.2338,0,0.00388796,1,4.60254,1.602,0,0.0708,708
102.15,-62.2338,0,0.0039314,1,4.60905,1.6085,0,0.0709,709
102.15,-62.2338,0,0.00397484,1,4.61555,1.615,0,0.071,710
102.15,-62.2338,0,0.00401829,1,4.62205,1.6215,0,0.0711,711
102.15,-62.2338,0,0.00406173,1,4.62855,1.628,0,0.0712,712
102.15,-62.2338,0,0.00410517,1,4.63505,1.6345,0,0.0713,713
102.15,-62.2338,0,0.00414861,1,4.64155,1.641,0,0.0714,714
102.15,-62.2338,0,0.00419205,1,4.64805,1.6475,0,0.0715,715
102.15,-62.2338,0,0.00423216,1,4.65455,1.654,0,0.0716,716
102.15,-62.2338,0,0.00427018,1,4.66105,1.6605,0,0.0717,717
102.15,-62.2338,0,0.0043082,1,4.66755,1.667,0,0.0718,718
102.15,-62.2338,0,0.00434622,1,4.67405,1.6735,0,0.0719,719
102.15,-62.2338,0,0.00438424,1,4.68055,1.68,0,0.072,720
102.15,-62.2338,0,0.00442227,1,4.68705,1.6865,0,0.0721,721
102.15,-62.2338,0,0.00446029,1,4.69356,1.693,0,0.0722,722
102.15,-62.2338,0,0.00449831,1,4.70006,1.6995,0,0.0723,723
102.15,-62.2338,0,0.00451984,1,4.70656,1.706,0,0.0724,724
102.15,-62.2338,0,0.00453999,1,4.71306,1.7125,0,0.0725,725
102.15,-62.2338,0,0.00456015,1,4.71956,1.719,0,0.0726,726
102.15,-62.2338,0,0.0045803,1,4.72606,1.7255,0,0.0727,727
102.15,-62.2338,0,0.00460046,1,4.73256,1.732,0,0.0728,728
102.15,-62.2338,0,0.00462061,1,4.73906,1.7385,0,0.0729,729
102.15,-62.2338,0,0.00464077,1,4.74556,1.745,0,0.073,730
102.15,-62.2338,0,0.0046539,1,4.75206,1.7515,0,0.0731,731
102.15,-62.2338,0,0.00464362,1,4.75856,1.758,0,0.0732,732
102.15,-62.2338,0,0.00463334,1,4.76506,1.7645,0,0.0733,733
102.15,-62.2338,0,0.00462306,1,4.77156,1.771,0,0.0734,734
102.15,-62.2338,0,0.00461278,1,4.77807,1.7775,0,0.0735,735
102.15,-62.2338,0,0.0046025,1,4.78457,1.784,0,0.0736,736
102.15,-62.2338,0,0.00459223,1,4.79107,1.7905,0,0.0737,737
102.15,-62.2338,0,0.00458195,1,4.79757,1.797,0,0.0738,738
102.15,-62.2338,0,0.00455106,1,4.80407,1.8035,0,0.0739,739
102.15,-62.2338,0,0.0045025,1,4.81057,1.81,0,0.074,740
102.15,-62.2338,0,0.00445395,1,4.81707,1.8165,0,0.0741,741
102.15,-62.2338,0,0.00440539,1,4.82357,1.823,0,0.0742,742
102.15,-62.2338,0,0.00435684,1,4.83007,1.8295,0,0.0743,743
102.15,-62.2338,0,0.00430828,1,4.83657,1.836,0,0.0744,744
102.15,-62.2338,0,0.00425973,1,4.84307,1.8425,0,0.0745,745
102.15,-62.2338,0,0.00421117,1,4.84957,1.849,0,0.0746,746
102.15,-62.2338,0,0.0041319,1,4.85607,1.8555,0,0.0747,747
102.15,-62.2338,0,0.00404705,1,4.86258,1.862,0,0.0748,748
102.15,-62.2338,0,0.00396219,1,4.86908,1.8685,0,0.0749,749
102.15,-62.2338,0,0.00387734,1,4.87558,1.875,0,0.075,750
102.15,-62.2338,0,0.00379248,1,4.88208,1.8815,0,0.0751,751
102.15,-62.2338,0,0.00370763,1,4.88858,1.888,0,0.0752,752
102.15,-62.2338,0,0.00362277,1,4.89508,1.8945,0,0.0753,753
102.15,-62.2338,0,0.00353463,1,4.90158,1.901,0,0.0754,754
102.15,-62.2338,0,0.00342841,1,4.90808,1.9075,0,0.0755,755
102.15,-62.2338,0,0.0033222,1,4.91458,1.914,0,0.0756,756
102.15,-62.2338,0,0.00321598,1,4.92108,1.9205,0,0.0757,757
102.15,-62.2338,0,0.00310976,1,4.92758,1.927,0,0.0758,758
102.15,-62.2338,0,0.00300354,1,4.93408,1.9335,0,0.0759,759
102.15,-62.2338,0,0.00289732,1,4.94058,1.94,0,0.076,760
102.15,-62.2338,0,0.00279111,1,4.94709,1.9465,0,0.0761,761
102.15,-62.2338,0,0.00268754,1,4.95359,1.953,0,0.0762,762
102.15,-62.2338,0,0.00258706,1,4.96009,1.9595,0,0.0763,763
102.15,-62.2338,0,0.00248658,1,4.96659,1.966,0,0.0764,764
102.15,-62.2338,0,0.00238611,1,4.97309,1.9725,0,0.0765,765
102.15,-62.2338,0,0.00228563,1,4.97959,1.979,0,0.0766,766
102.15,-62.2338,0,0.00218515,1,4.98609,1.9855,0,0.0767,767
102.15,-62.2338,0,0.00208468,1,4.99259,1.992,0,0.0768,768
102.15,-62.2338,0,0.0019842,1,4.99909,1.9985,0,0.0769,769
102.15,-62.2338,0,0.00191419,1,5.00559,2.005,0,0.077,770
102.15,-62.2338,0,0.00185333,1,5.01209,2.0115,0,0.0771,771
102.15,-62.2338,0,0.00179247,1,5.01859,2.018,0,0.0772,772
102.15,-62.2338,0,0.0017316,1,5.02509,2.0245,0,0.0773,773
102.15,-62.2338,0,0.00167074,1,5.0316,2.031,0,0.0774,774
102.15,-62.2338,0,0.00160987,1,5.0381,2.0375,0,0.0775,775
102.15,-62.2338,0,0.00154901,1,5.0446,2.044,0,0.0776,776
102.15,-62.2338,0,0.00149363,1,5.0511,2.0505,0,0.0777,777
102.15,-62.2338,0,0.00150401,1,5.0576,2.057,0,0.0778,778
102.15,-62.2338,0,0.00151439,1,5.0641,2.0635,0,0.0779,779
102.15,-62.2338,0,0.00152477,1,5.0706,2.07,0,0.078,780
102.15,-62.2338,0,0.00153515,1,5.0771,2.0765,0,0.0781,781
102.15,-62.2338,0,0.00154553,1,5.0836,2.083,0,0.0782,782
102.15,-62.2338,0,0.00155591,1,5.0901,2.0895,0,0.0783,783
102.15,-62.2338,0,0.00156629,1,5.0966,2.096,0,0.0784,784
102.15,-62.2338,0,0.00161147,1,5.1031,2.1025,0,0.0785,785
102.15,-62.2338,0,0.00171233,1,5.1096,2.109,0,0.0786,786
102.15,-62.2338,0,0.00181318,1,5.11611,2.1155,0,0.0787,787
102.15,-62.2338,0,0.00191403,1,5.12261,2.122,0,0.0788,788
102.15,-62.2338,0,0.00201488,1,5.12911,2.1285,0,0.0789,789
102.15,-62.2338,0,0.00211573,1,5.13561,2.135,0,0.079,790
102.15,-62.2338,0,0.00221659,1,5.14211,2.1415,0,0.0791,791
102.15,-62.2338,0,0.00231744,1,5.14861,2.148,0,0.0792,792
102.15,-62.2338,0,0.00247991,1,5.15511,2.1545,0,0.0793,793
102.15,-62.2338,0,0.00266976,1,5.16161,2.161,0,0.0794,794
102.15,-62.2338,0,0.00285962,1,5.16811,2.1675,0,0.0795,795
102.15,-62.2338,0,0.00304947,1,5.17461,2.174,0,0.0796,796
102.15,-62.2338,0,0.00323932,1,5.18111,2.1805,0,0.0797,797
102.15,-62.2338,0,0.00342918,1,5.18761,2.187,0,0.0798,798
102.15,-62.2338,0,0.00361903,1,5.19411,2.1935,0,0.0799,799
102.15,-62.2338,0,0.00380889,1,5.20062,2.2,0,0.08,800
102.15,-62.2338,0,0.00406188,1,5.20712,2.2065,0,0.0801,801
102.15,-62.2338,0,0.00431488,1,5.21362,2.213,0,0.0802,802
102.15,-62.2338,0,0.00456787,1,5.22012,2.2195,0,0.0803,803
102.15,-62.2338,0,0.00482086,1,5.22662,2.226,0,0.0804,804
102.15,-62.2338,0,0.00507386,1,5.23312,2.2325,0,0.0805,805
102.15,-62.2338,0,0.00532685,1,5.23962,2.239,0,0.0806,806
102.15,-62.2338,0,0.00557985,1,5.24612,2.2455,0,0.0807,807
102.15,-62.2337,0,0.00583761,1,5.25262,2.252,0,0.0808,808
102.15,-62.2337,0,0.00610611,1,5.25912,2.2585,0,0.0809,809
102.15,-62.2337,0,0.0063746,1,5.26562,2.265,0,0.081,810
102.15,-62.2337,0,0.0066431,1,5.27212,2.2715,0,0.0811,811
102.15,-62.2337,0,0.0069116,1,5.27862,2.278,0,0.0812,812
102.15,-62.2337,0,0.00718008,1,5.28513,2.2845,0,0.0813,813
102.15,-62.2337,0,0.00744858,1,5.29163,2.291,0,0.0814,814
102.15,-62.2337,0,0.00771708,1,5.29813,2.2975,0,0.0815,815
102.15,-62.2336,0,0.00795802,1,5.30463,2.304,0,0.0816,816
102.15,-62.2336,0,0.00818174,1,5.31113,2.3105,0,0.0817,817
102.15,-62.2336,0,0.00840546,1,5.31763,2.317,0,0.0818,818
102.15,-62.2336,0,0.00862917,1,5.32413,2.3235,0,0.0819,819
102.15,-62.2336,0,0.00885289,1,5.33063,2.33,0,0.082,820
102.15,-62.2336,0,0.00907661,1,5.33713,2.3365,0,0.0821,821
102.15,-62.2336,0,0.00930033,1,5.34363,2.343,0,0.0822,822
102.15,-62.2336,0,0.00952405,1,5.35013,2.3495,0,0.0823,823
102.15,-62.2335,0,0.00965215,1,5.35663,2.356,0,0.0824,824
102.15,-62.2335,0,0.00977228,1,5.36313,2.3625,0,0.0825,825
102.15,-62.2335,0,0.00989241,1,5.36964,2.369,0,0.0826,826
102.15,-62.2335,0,0.0100125,1,5.37614,2.3755,0,0.0827,827
102.15,-62.2335,0,0.0101327,1,5.38264,2.382,0,0.0828,828
102.15,-62.2334,0,0.0102528,1,5.38914,2.3885,0,0.0829,829
102.15,-62.2334,0,0.0103729,1,5.39564,2.395,0,0.083,830
102.15,-62.2334,0,0.0104596,1,5.40214,2.4015,0,0.0831,831
102.15,-62.2334,0,0.0104347,1,5.40864,2.408,0,0.0832,832
102.15,-62.2333,0,0.0104097,1,5.41514,2.4145,0,0.0833,833
102.15,-62.2333,0,0.0103848,1,5.42164,2.421,0,0.0834,834
102.15,-62.2332,0,0.0103599,1,5.42814,2.4275,0,0.0835,835
102.15,-62.2332,0,0.010335,1,5.43464,2.434,0,0.0836,836
102.15,-62.2332,0,0.01031,1,5.44114,2.4405,0,0.0837,837
102.15,-62.2331,0,0.0102851,1,5.44764,2.447,0,0.0838,838
102.15,-62.2331,0,0.0101763,1,5.45415,2.4535,0,0.0839,839
102.15,-62.233,0,0.00999551,1,5.46065,2.46,0,0.084,840
102.15,-62.2329,0,0.00981475,1,5.46715,2.4665,0,0.0841,841
102.15,-62.2329,0,0.00963398,1,5.47365,2.473,0,0.0842,842
102.15,-62.2328,0,0.00945321,1,5.48015,2.4795,0,0.0843,843
102.15,-62.2327,0,0.00927244,1,5.48665,2.486,0,0.0844,844
102.15,-62.2327,0,0.00909167,1,5.49315,2.4925,0,0.0845,845
102.15,-62.2326,0,0.0089109,1,5.49965,2.499,0,0.0846,846
102.15,-62.2325,0,0.00862069,1,5.50615,2.5055,0,0.0847,847
102.15,-62.2324,0,0.00831058,1,5.51265,2.512,0,0.0848,848
102.15,-62.2323,0,0.00800047,1,5.51915,2.5185,0,0.0849,849
102.15,-62.2322,0,0.00769036,1,5.52565,2.525,0,0.085,850
102.15,-62.2321,0,0.00738025,1,5.53215,2.5315,0,0.0851,851
102.15,-62.232,0,0.00707014,1,5.53866,2.538,0,0.0852,852
102.15,-62.2319,0,0.00676003,1,5.54516,2.5445,0,0.0853,853
102.15,-62.2318,0,0.0064394,1,5.55166,2.551,0,0.0854,854
102.15,-62.2316,0,0.00606092,1,5.55816,2.5575,0,0.0855,855
102.15,-62.2315,0,0.00568242,1,5.56466,2.564,0,0.0856,856
102.15,-62.2313,0,0.00530393,1,5.57116,2.5705,0,0.0857,857
102.15,-62.2312,0,0.00492543,1,5.57766,2.577,0,0.0858,858
102.15,-62.231,0,0.00454693,1,5.58416,2.5835,0,0.0859,859
102.15,-62.2308,0,0.00416844,1,5.59066,2.59,0,0.086,860
102.15,-62.2307,0,0.00378994,1,5.59716,2.5965,0,0.0861,861
102.15,-62.2305,0,0.00341826,1,5.60366,2.603,0,0.0862,862
102.15,-62.2303,0,0.00305452,1,5.61016,2.6095,0,0.0863,863
102.15,-62.23,0,0.00269078,1,5.61666,2.616,0,0.0864,864
102.15,-62.2298,0,0.00232703,1,5.62317,2.6225,0,0.0865,865
102.15,-62.2296,0,0.00196329,1,5.62967,2.629,0,0.0866,866
102.15,-62.2294,0,0.00159955,1,5.63617,2.6355,0,0.0867,867
102.15,-62.2291,0,0.00123581,1,5.64267,2.642,0,0.0868,868
102.15,-62.2289,0,0.000872073,1,5.64917,2.6485,0,0.0869,869
102.15,-62.2286,0,0.000586216,1,5.65567,2.655,0,0.087,870
102.15,-62.2282,0,0.000323727,1,5.66217,2.6615,0,0.0871,871
102.15,-62.2279,0,6.12383e-05,1,5.66867,2.668,0,0.0872,872
102.15,-62.2276,0,-0.000201251,1,5.67517,2.6745,0,0.0873,873
102.15,-62.2272,0,-0.00046374,1,5.68167,2.681,0,0.0874,874
102.15,-62.2269,0,-0.000726229,1,5.68817,2.6875,0,0.0875,875
102.15,-62.2265,0,-0.000988718,1,5.69467,2.694,0,0.0876,876
102.15,-62.2262,0,-0.00123807,1,5.70117,2.7005,0,0.0877,877
102.15,-62.2257,0,-0.00132983,1,5.70768,2.707,0,0.0878,878
102.15,-62.2252,0,-0.00142158,1,5.71418,2.7135,0,0.0879,879
102.15,-62.2247,0,-0.00151333,1,5.72068,2.72,0,0.088,880
102.15,-62.2242,0,-0.00160509,1,5.72718,2.7265,0,0.0881,881
102.15,-62.2237,0,-0.00169684,1,5.73368,2.733,0,0.0882,882
102.15,-62.2232,0,-0.00178859,1,5.74018,2.7395,0,0.0883,883
102.15,-62.2227,0,-0.00188034,1,5.74668,2.746,0,0.0884,884
102.15,-62.2221,0,-0.00189256,1,5.75318,2.7525,0,0.0885,885
102.15,-62.2214,0,-0.00177753,1,5.75968,2.759,0,0.0886,886
102.15,-62.2206,0,-0.00166249,1,5.76618,2.7655,0,0.0887,887
102.15,-62.2199,0,-0.00154746,1,5.77268,2.772,0,0.0888,888
102.15,-62.2192,0,-0.00143242,1,5.77918,2.7785,0,0.0889,889
102.15,-62.2185,0,-0.00131738,1,5.78568,2.785,0,0.089,890
102.15,-62.2178,0,-0.00120235,1,5.79219,2.7915,0,0.0891,891
102.15,-62.2171,0,-0.00108731,1,5.79869,2.798,0,0.0892,892
102.15,-62.2162,0,-0.000832981,1,5.80519,2.8045,0,0.0893,893
102.15,-62.2151,0,-0.000516746,1,5.81169,2.811,0,0.0894,894
102.15,-62.2141,0,-0.000200511,1,5.81819,2.8175,0,0.0895,895
102.15,-62.2131,0,0.000115713,1,5.82469,2.824,0,0.0896,896
102.15,-62.2121,0,0.000431948,1,5.83119,2.8305,0,0.0897,897
102.15,-62.2111,0,0.000748184,1,5.83769,2.837,0,0.0898,898
102.15,-62.2101,0,0.00106442,1,5.84419,2.8435,0,0.0899,899
102.15,-62.2091,0,0.00138065,1,5.85069,2.85,0,0.09,900
102.15,-62.2077,0,0.00185259,1,5.85719,2.8565,0,0.0901,901
102.15,-62.2063,0,0.00232453,1,5.86369,2.863,0,0.0902,902
102.15,-62.2049,0,0.00279646,1,5.87019,2.8695,0,0.0903,903
102.15,-62.2035,0,0.0032684,1,5.8767,2.876,0,0.0904,904
102.15,-62.2021,0,0.00374034,1,5.8832,2.8825,0,0.0905,905
102.15,-62.2007,0,0.00421227,1,5.8897,2.889,0,0.0906,906
102.15,-62.1993,0,0.00468421,1,5.8962,2.8955,0,0.0907,907
102.15,-62.1978,0,0.00518103,1,5.9027,2.902,0,0.0908,908
102.15,-62.1958,0,0.00573385,1,5.9092,2.9085,0,0.0909,909
102.15,-62.1939,0,0.00628667,1,5.9157,2.915,0,0.091,910
102.15,-62.192,0,0.00683948,1,5.9222,2.9215,0,0.0911,911
102.15,-62.1901,0,0.0073923,1,5.9287,2.928,0,0.0912,912
102.15,-62.1882,0,0.00794512,1,5.9352,2.9345,0,0.0913,913
102.15,-62.1863,0,0.00849794,1,5.9417,2.941,0,0.0914,914
102.15,-62.1843,0,0.00905076,1,5.9482,2.9475,0,0.0915,915
102.15,-62.182,0,0.00959918,1,5.9547,2.954,0,0.0916,916
102.15,-62.1794,0,0.0101449,1,5.96121,2.9605,0,0.0917,917
102.15,-62.1769,0,0.0106906,1,5.96771,2.967,0,0.0918,918
102.15,-62.1743,0,0.0112362,1,5.97421,2.9735,0,0.0919,919
102.15,-62.1717,0,0.0117819,1,5.98071,2.98,0,0.092,920
102.15,-62.1691,0,0.0123276,1,5.98721,2.9865,0,0.0921,921
102.15,-62.1666,0,0.0128733,1,5.99371,2.993,0,0.0922,922
102.15,-62.164,0,0.013419,1,6.00021,2.9995,0,0.0923,923
102.15,-62.1607,0,0.0138807,1,6.00671,3.006,0,0.0924,924
102.15,-62.1572,0,0.0143355,1,6.01321,3.0125,0,0.0925,925
102.15,-62.1538,0,0.0147903,1,6.01971,3.019,0,0.0926,926
102.15,-62.1504,0,0.0152451,1,6.02621,3.0255,0,0.0927,927
102.15,-62.147,0,0.0156998,1,6.03271,3.032,0,0.0928,928
102.15,-62.1436,0,0.0161546,1,6.03921,3.0385,0,0.0929,929
102.15,-62.1402,0,0.0166094,1,6.04572,3.045,0,0.093,930
102.15,-62.1366,0,0.0170282,1,6.05222,3.0515,0,0.0931,931
102.15,-62.1321,0,0.0173274,1,6.05872,3.058,0,0.0932,932
102.15,-62.1277,0,0.0176266,1,6.06522,3.0645,0,0.0933,933
102.15,-62.1232,0,0.0179257,1,6.07172,3.071,0,0.0934,934
102.15,-62.1187,0,0.0182249,1,6.07822,3.0775,0,0.0935,935
102.15,-62.1143,0,0.0185241,1,6.08472,3.084,0,0.0936,936
102.15,-62.1098,0,0.0188232,1,6.09122,3.0905,0,0.0937,937
102.15,-62.1054,0,0.0191224,1,6.09772,3.097,0,0.0938,938
102.15,-62.1002,0,0.0193184,1,6.10422,3.1035,0,0.0939,939
102.15,-62.0945,0,0.019426,1,6.11072,3.11,0,0.094,940
102.15,-62.0887,0,0.0195336,1,6.11722,3.1165,0,0.0941,941
102.15,-62.083,0,0.0196411,1,6.12372,3.123,0,0.0942,942
102.15,-62.0773,0,0.0197487,1,6.13023,3.1295,0,0.0943,943
102.15,-62.0715,0,0.0198563,1,6.13673,3.136,0,0.0944,944
102.15,-62.0658,0,0.0199639,1,6.14323,3.1425,0,0.0945,945
102.15,-62.06,0,0.0200714,1,6.14973,3.149,0,0.0946,946
102.15,-62.053,0,0.0200134,1,6.15623,3.1555,0,0.0947,947
102.15,-62.0457,0,0.0199252,1,6.16273,3.162,0,0.0948,948
102.15,-62.0384,0,0.0198371,1,6.16923,3.1685,0,0.0949,949
102.15,-62.0311,0,0.0197489,1,6.17573,3.175,0,0.095,950
102.15,-62.0238,0,0.0196608,1,6.18223,3.1815,0,0.0951,951
102.15,-62.0166,0,0.0195726,1,6.18873,3.188,0,0.0952,952
102.15,-62.0093,0,0.0194844,1,6.19523,3.1945,0,0.0953,953
102.15,-62.0017,0,0.0193699,1,6.20173,3.201,0,0.0954,954
102.15,-61.9926,0,0.0191101,1,6.20823,3.2075,0,0.0955,955
102.15,-61.9834,0,0.0188503,1,6.21474,3.214,0,0.0956,956
102.15,-61.9743,0,0.0185905,1,6.22124,3.2205,0,0.0957,957
102.15,-61.9651,0,0.0183307,1,6.22774,3.227,0,0.0958,958
102.15,-61.956,0,0.018071,1,6.23424,3.2335,0,0.0959,959
102.15,-61.9469,0,0.0178112,1,6.24074,3.24,0,0.096,960
102.15,-61.9377,0,0.0175514,1,6.24724,3.2465,0,0.0961,961
102.15,-61.9276,0,0.0172324,1,6.25374,3.253,0,0.0962,962
102.15,-61.9163,0,0.0168442,1,6.26024,3.2595,0,0.0963,963
102.15,-61.905,0,0.0164561,1,6.26674,3.266,0,0.0964,964
102.15,-61.8937,0,0.0160679,1,6.27324,3.2725,0,0.0965,965
102.15,-61.8824,0,0.0156798,1,6.27974,3.279,0,0.0966,966
102.15,-61.8711,0,0.0152916,1,6.28624,3.2855,0,0.0967,967
102.15,-61.8598,0,0.0149035,1,6.29274,3.292,0,0.0968,968
102.15,-61.8485,0,0.0145153,1,6.29925,3.2985,0,0.0969,969
102.15,-61.8352,0,0.0140677,1,6.30575,3.305,0,0.097,970
102.15,-61.8214,0,0.0136023,1,6.31225,3.3115,0,0.0971,971
102.15,-61.8076,0,0.0131369,1,6.31875,3.318,0,0.0972,972
102.15,-61.7938,0,0.0126715,1,6.32525,3.3245,0,0.0973,973
102.15,-61.78,0,0.012206,1,6.33175,3.331,0,0.0974,974
102.15,-61.7662,0,0.0117406,1,6.33825,3.3375,0,0.0975,975
102.15,-61.7523,0,0.0112752,1,6.34475,3.344,0,0.0976,976
102.15,-61.7383,0,0.0108078,1,6.35125,3.3505,0,0.0977,977
102.15,-61.7217,0,0.0103173,1,6.35775,3.357,0,0.0978,978
102.15,-61.705,0,0.00982675,1,6.36425,3.3635,0,0.0979,979
102.15,-61.6883,0,0.00933622,1,6.37075,3.37,0,0.098,980
102.15,-61.6717,0,0.00884567,1,6.37725,3.3765,0,0.0981,981
102.15,-61.655,0,0.00835512,1,6.38376,3.383,0,0.0982,982
102.15,-61.6383,0,0.00786457,1,6.39026,3.3895,0,0.0983,983
102.15,-61.6217,0,0.00737402,1,6.39676,3.396,0,0.0984,984
102.15,-61.6038,0,0.00688875,1,6.40326,3.4025,0,0.0985,985
102.15,-61.5839,0,0.00641193,1,6.40976,3.409,0,0.0986,986
102.15,-61.564,0,0.0059351,1,6.41626,3.4155,0,0.0987,987
102.15,-61.5442,0,0.00545828,1,6.42276,3.422,0,0.0988,988
102.15,-61.5243,0,0.00498146,1,6.42926,3.4285,0,0.0989,989
102.15,-61.5044,0,0.00450464,1,6.43576,3.435,0,0.099,990
102.15,-61.4846,0,0.00402782,1,6.44226,3.4415,0,0.0991,991
102.15,-61.4647,0,0.00355099,1,6.44876,3.448,0,0.0992,992
102.15,-61.4511,0,0.00309789,1,6.45526,3.4545,0,0.0993,993
102.15,-61.4404,0,0.00265534,1,6.46176,3.461,0,0.0994,994
102.15,-61.4296,0,0.00221278,1,6.46827,3.4675,0,0.0995,995
102.15,-61.4188,0,0.00177022,1,6.47477,3.474,0,0.0996,996
102.15,-61.408,0,0.00132767,1,6.48127,3.4805,0,0.0997,997
102.15,-61.3973,0,0.000885112,1,6.48777,3.487,0,0.0998,998
102.15,-61.3865,0,0.000442556,1,6.49427,3.4935,0,0.0999,999
102.15,-61.3757,0,0,1,6.50077,3.5,0,0.1,1000
